ref,name,address,lat,long,description,master1,master2,master3,master4,master5,master6,master7,master_count,master_label
1,Білоцерківський національний аграрний університет,"Київська область, м. Біла Церква, площа Соборна, 8/1",49.791549,30.112211,"<div align=""center""><b>Білоцерківський національний аграрний університет</b></div>
<div align=""left"">ОКР ""Бакалавр""</div>
<div align=""center""><i>Контактні дані</i></div>
<u>Поштовий індекс:</u> 09117<br>
<u>Адреса:</u> Київська область, м. Біла Церква, площа Соборна, 8/1<br>
<u>Телефони:</u> (04563)5-12-88<br>
<a href=""http://www.btsau.kiev.ua/"" target=""_blank"">Офіційна веб-сторінка</a><br>
<u>E-mail:</u> pk_bnau@ukr.net<br>",,,,,,,,0,0
2,"Відокремлений структурний підрозділ ""Інститут післядипломної освіти Київського національного університету будівництва і архітектури"""," м.Київ, вул. Освіти, 4",50.426495,30.464263,"<div align=""center""><b>Відокремлений структурний підрозділ ""Інститут післядипломної освіти Київського національного університету будівництва і архітектури""</b></div>
<div align=""left"">ОКР ""Бакалавр""</div>
<div align=""center""><i>Контактні дані</i></div>
<u>Поштовий індекс:</u> 03037<br>
<u>Адреса:</u> м.Київ, вул. Освіти, 4<br>
<u>Телефони:</u> (044)275-20-56<br>
<a href=""http://www.ipo-knuba.edu.ua/"" target=""_blank"">Офіційна веб-сторінка</a><br>
<u>E-mail:</u> office@ipo-knuba.edu.ua<br>",,,,,,,,0,0
3,"Державний вищий навчальний заклад ""Криворізький національний університет""","Дніпропетровська область, м. Кривий Ріг, вул. XXII Партз`їзду, 11",47.905207,33.401353,"<div align=""center""><b>Державний вищий навчальний заклад ""Криворізький національний університет""</b></div>
      <div align=""left"">ОКР ""Бакалавр"", ""Магістр"" (навчання за напрямком: <font color=""#FF8C00"">Геодезія</font>)</div>
<div align=""center""><i>Контактні дані</i></div>
<u>Поштовий індекс:</u> 50027<br>
<u>Адреса:</u> Дніпропетровська область, м. Кривий Ріг, вул. XXII Партз`їзду, 11<br>
<u>Телефони:</u> 0564090606<br>
<a href=""http://www.knu.edu.ua/"" target=""_blank"">Офіційна веб-сторінка</a><br>
<u>E-mail:</u> knu@alba.dp.ua<br>",1,,,,,,,1,1
4,"Державний вищий навчальний заклад ""Національний гірничий університет""","Дніпропетровська область, м. Дніпропетровськ, проспект Карла Маркса, 19",48.4556,35.061833,"<div align=""center""><b>Державний вищий навчальний заклад ""Національний гірничий університет""</b></div>
   <div align=""left"">ОКР ""Бакалавр"", ""Магістр"" (навчання за напрямком: <font color=""#00BFFF"">Геоінформаційні системи і технології</font>)</div>
<div align=""center""><i>Контактні дані</i></div>
<u>Поштовий індекс:</u> 49005<br>
<u>Адреса:</u>  Дніпропетровська область, м. Дніпропетровськ, проспект Карла Маркса, 19<br>
<u>Телефони:</u> +38(056)744-62-19<br>
<a href=""http://www.nmu.org.ua/"" target=""_blank"">Офіційна веб-сторінка</a><br>
<u>E-mail:</u> nmu@nmu.org.ua<br>",,,,,1,,,1,2
5,"Державний вищий навчальний заклад ""Придніпровська державна академія будівництва та архітектури""","Дніпропетровська область, м. Дніпропетровськ, вул. Чернишевського, 24-а",48.453344,35.053659,"<div align=""center""><b>Державний вищий навчальний заклад ""Придніпровська державна академія будівництва та архітектури""</b></div>
<div align=""left"">ОКР ""Бакалавр""</div>
<div align=""center""><i>Контактні дані</i></div>
<u>Поштовий індекс:</u> 49005<br>
<u>Адреса:</u> Дніпропетровська область, м. Дніпропетровськ, вул. Чернишевського, 24-а<br>
<u>Телефони:</u> (0562)47-08-66<br>
<a href=""http://www.pgasa.dp.ua"" target=""_blank"">Офіційна веб-сторінка</a><br>
<u>E-mail:</u> prkom@mail.pgasa.dp.ua<br>",,,,,,,,0,0
6,"Державний вищий навчальний заклад ""Ужгородський національний університет""","Закарпатська область, м. Ужгород, вул. Університетська, 14",48.635621,22.290562,"      
<div align=""center""><b>Державний вищий навчальний заклад ""Ужгородський національний університет""</b></div>
<div align=""left"">ОКР ""Бакалавр"", ""Магістр"" (навчання за напрямком: <font color=""#008000"">Землеустрій та кадастр</font>)</div>
<div align=""center""><i>Контактні дані</i></div>
<u>Поштовий індекс:</u> 88000<br>
<u>Адреса:</u> Закарпатська область, м. Ужгород, вул. Університетська, 14<br>
<u>Телефони:</u> +38(03122)3-33-41<br>
<a href=""http://www.uzhnu.edu.ua/"" target=""_blank"">Офіційна веб-сторінка</a><br>
<u>E-mail:</u> official@uzhnu.edu.ua<br>",,,1,,,,,1,3
7,"Державний вищий навчальний заклад ""Херсонський державний аграрний університет""","Херсонська область, м. Херсон, вул. Р.Люксембург, 23",46.642352,32.584386,"<div align=""center""><b>Державний вищий навчальний заклад ""Херсонський державний аграрний університет""</b></div>
<div align=""left"">ОКР ""Бакалавр""</div>
<div align=""center""><i>Контактні дані</i></div>
<u>Поштовий індекс:</u> 03037<br>
<u>Адреса:</u> Херсонська область, м. Херсон, вул. Р.Люксембург, 23<br>
<u>Телефони:</u> 41-44-30<br>
<a href=""http://www.ksau.kherson.ua/"" target=""_blank"">Офіційна веб-сторінка</a><br>
<u>E-mail:</u> office@ksau.kherson.ua<br>",,,,,,,,0,0
8,Донбаська національна академія будівництва і архітектури,"Донецька область, Макіївка, вул. Державіна, 2",48.020709,37.902994,"<div align=""center""><b>Донбаська національна академія будівництва і архітектури</b></div>
<div align=""left"">ОКР ""Бакалавр""</div>
<div align=""center""><i>Контактні дані</i></div>
<u>Поштовий індекс:</u>86123<br>
<u>Адреса:</u> Донецька область, Макіївка, вул. Державіна, 2<br>
<u>Телефони:</u> +38(0623)22-24-67<br>
<a href=""http://www.donnasa.edu.ua/"" target=""_blank"">Офіційна веб-сторінка</a><br>
<u>E-mail:</u> mailbox@donnasa.edu.ua<br>",,,,,,,,0,0
9,Донецький національний технічний університет,"Донецька область, м. Донецьк, вул. Артема, 58",47.995252,37.804187,"<div align=""center""><b>Донецький національний технічний університет</b></div>
<div align=""left"">ОКР ""Бакалавр"", ""Магістр"" (навчання за напрямками: <font color=""#FF8C00"">Геодезія</font>, <font color=""#008000"">Землеустрій та кадастр</font>, <font color=""#00BFFF"">Геоінформаційні системи і технології</font>)</div>
<div align=""center""><i>Контактні дані</i></div>
<u>Поштовий індекс:</u> 83001<br>
<u>Адреса:</u> Донецька область, м. Донецьк, вул. Артема, 58<br>
<u>Телефони:</u> (062)301-08-89<br>
<a href=""http://www.donntu.edu.ua/"" target=""_blank"">Офіційна веб-сторінка</a><br>
<u>E-mail:</u> info@dgtu.donetsk.ua<br>",1,,1,,1,,,3,4
10,Житомирський національний агроекологічний університет ,"Житомирська область, м. Житомир, бульвар Старий, 7",50.248692,28.66808,"<div align=""center""><b>Житомирський національний агроекологічний університет</b></div>
<div align=""left"">ОКР ""Бакалавр""</div>
<div align=""center""><i>Контактні дані</i></div>
<u>Поштовий індекс:</u> 10008<br>
<u>Адреса:</u> Житомирська область, м. Житомир, бульвар Старий, 7<br>
<u>Телефони:</u> +38(0412)374931<br>
<a href=""http://www.znau.edu.ua/"" target=""_blank"">Офіційна веб-сторінка</a><br>
<u>E-mail:</u> ecos@znau.edu.ua<br>",,,,,,,,0,0
11,Івано-Франківський національний технічний університет нафти і газу,"Івано-Франківська область, м. Івано-Франківськ, вул. Карпатська, 15",48.929431,24.693765,"<div align=""center""><b>Івано-Франківський національний технічний університет нафти і газу</b></div>
<div align=""left"">ОКР ""Бакалавр"", ""Магістр"" (навчання за напрямками: <font color=""#FF8C00"">Геодезія</font>, <font color=""#008000"">Землеустрій та кадастр</font>, <font color=""#CD853F"">Оцінка землі та нерухомого майна</font>, <font color=""#00BFFF"">Геоінформаційні системи і технології</font>)</div>
<div align=""center""><i>Контактні дані</i></div>
<u>Поштовий індекс:</u> 76018<br>
<u>Адреса:</u>  Івано-Франківська область, м. Івано-Франківськ, вул. Карпатська, 15<br>
<u>Телефони:</u> +38(03422)4-21-39<br>
<a href=""http://www.nung.edu.ua/"" target=""_blank"">Офіційна веб-сторінка</a><br>
<u>E-mail:</u> public@nung.edu.ua<br>",1,,1,1,1,,,4,5
12,"Інститут управління природними ресурсами Вищого навчального закладу ""Університет економіки та права ""КРОК""","Івано-Франківська область, м. Коломия, вул. Тютюнника, 11-А",48.527335,25.081903,"<div align=""center""><b>Інститут управління природними ресурсами Вищого навчального закладу ""Університет економіки та права ""КРОК""</b></div>
<div align=""left"">ОКР ""Бакалавр""</div>
<div align=""center""><i>Контактні дані</i></div>
<u>Поштовий індекс:</u> 78200<br>
<u>Адреса:</u> Івано-Франківська область, м. Коломия, вул. Тютюнника, 11-А<br>
<u>Телефони:</u> 343334457<br>
<a href=""http://www.krok.edu.ua/ua/"" target=""_blank"">Офіційна веб-сторінка</a><br>
<u>E-mail:</u> iupr@live.krok.edu.ua<br>",,,,,,,,0,0
13,Київський національний університет імені Тараса Шевченка," м. Київ, проспект Академіка Глушкова, 2а",50.382301,30.475156,"<div align=""center""><b>Київський національний університет імені Тараса Шевченка</b></div>
<div align=""left"">ОКР ""Бакалавр"", ""Магістр"" (навчання за напрямком: <font color=""#FFD700"">Картографія</font>)</div>
<div align=""center""><i>Контактні дані</i></div>
<u>Поштовий індекс:</u> 01601<br>
<u>Адреса:</u> м. Київ, проспект Академіка Глушкова, 2а<br>
<u>Телефони:</u> (044)239-32-20<br>
<a href=""http://www.univ.kiev.ua/"" target=""_blank"">Офіційна веб-сторінка</a><br>
<u>E-mail:</u> stationery@univ.kiev.ua, office.chief@univ.net.ua<br>",,1,,,,,,1,6
14,Київський національний університет будівництва і архітектури,"м. Київ, проспект Повітрофлотський, 31",50.427491,30.466113,"<div align=""center""><b>Київський національний університет будівництва і архітектури</b></div>
<div align=""left"">ОКР ""Бакалавр"", ""Магістр"" (навчання за напрямками: <font color=""#FF8C00"">Геодезія</font>, <font color=""#008000"">Землеустрій та кадастр</font>, <font color=""#00BFFF"">Геоінформаційні системи і технології</font>)</div>
<div align=""center""><i>Контактні дані</i></div>
<u>Поштовий індекс:</u> 03680<br>
<u>Адреса:</u> м. Київ, проспект Повітрофлотський, 31<br>
<u>Телефони:</u> +38(044)248-49-05<br>
<a href=""http://www.knuba.edu.ua/"" target=""_blank"">Офіційна веб-сторінка</a><br>
<u>E-mail:</u> Knuba_admin@ukr.net<br>",1,,1,,1,,,3,4
15,Класичний приватний університет,"Запорізька область, м. Запоріжжя, вул. Вул. Жуковського, 70-б",47.824198,35.176773,"<div align=""center""><b>Класичний приватний університет</b></div>
<div align=""left"">ОКР ""Бакалавр"", ""Магістр"" (навчання за напрямком: <font color=""#008000"">Землеустрій та кадастр</font>)</div>
<div align=""center""><i>Контактні дані</i><br>
<u>Поштовий індекс:</u> 69002<br>
<u>Адреса:</u> Запорізька область, м. Запоріжжя, вул. Вул. Жуковського, 70-б<br>
<u>Телефони:</u> +38(061)764-5715<br>
<a href=""http://www.zhu.edu.ua/"" target=""_blank"">Офіційна веб-сторінка</a><br>
<u>E-mail:</u> alexander.gorban@zhu.edu.ua<br>",,,1,,,,,1,3
16,Коледж інформаційних технологій та землевпорядкування Національного авіаційного університету,"м. Київ, вул. Дружківська, 6",50.456566,30.414125,"<div align=""center""><b>Коледж інформаційних технологій та землевпорядкування Національного авіаційного університету</b></div>
<div align=""left"">ОКР ""Бакалавр""</div>
<div align=""center""><i>Контактні дані</i></div>
<u>Поштовий індекс:</u> 03113<br>
<u>Адреса:</u> м. Київ, вул. Дружківська, 6<br>
<u>Телефони:</u> 400-04-05<br>
<a href=""http://www.kitz.nau.edu.ua/"" target=""_blank"">Офіційна веб-сторінка</a><br>
<u>E-mail:</u> kitz_nau@ukr.net<br>",,,,,,,,0,0
17,Кременчуцький національний університет імені Михайла Остроградського,"Полтавська область, м. Кременчук, вул. Першотравнева, 20",49.060409,33.410238,"<div align=""center""><b>Кременчуцький національний університет імені Михайла Остроградського</b></div>
<div align=""left"">ОКР ""Бакалавр"", ""Магістр"" (навчання за напрямком: <font color=""#008000"">Землеустрій та кадастр</font>)</div>
<div align=""center""><i>Контактні дані</i></div>
<u>Поштовий індекс:</u> 39600<br>
<u>Адреса:</u> Полтавська область, м. Кременчук, вул. Першотравнева, 20<br>
<u>Телефони:</u> (05366)3-60-00, 3-20-02<br>
<a href=""http://www.kdu.edu.ua/"" target=""_blank"">Офіційна веб-сторінка</a><br>
<u>E-mail:</u> office@kdu.edu.ua<br>",,,1,,,,,1,3
18,Луганський національний аграрний університет,"Луганська область, м. Луганськ, вул. Луганськ-8",48.566422,39.231914,"<div align=""center""><b>Луганський національний аграрний університет</b></div>
<div align=""left"">ОКР ""Бакалавр""</div>
<div align=""center""><i>Контактні дані</i></div>
<u>Поштовий індекс:</u> 91008<br>
<u>Адреса:</u> Луганська область, м. Луганськ, вул. Луганськ-8, Містечко агроуніверситету<br>
<u>Телефони:</u> +38(0642)96-60-40<br>
<a href=""http://www.lnau.lg.ua/"" target=""_blank"">Офіційна веб-сторінка</a><br>
<u>E-mail:</u> rector@lnau.lg.ua<br>",,,,,,,,0,0
19,Львівський національний аграрний університет,"Львівська область, Жовківський район, м. Дубляни, вул. Володимира Великого, 1",49.897765,24.091531,"<div align=""center""><b>Львівський національний аграрний університет</b></div>
<div align=""left"">ОКР ""Бакалавр"", ""Магістр"" (навчання за напрямками: <font color=""#008000"">Землеустрій та кадастр</font>, <font color=""#CD853F"">Оцінка землі та нерухомого майна</font>, <font color=""#00BFFF"">Геоінформаційні системи і технології</font>)</div>
<div align=""center""><i>Контактні дані</i></div>
<u>Поштовий індекс:</u> 80381<br>
<u>Адреса:</u> Львівська область, Жовківський район, м. Дубляни, вул. Володимира Великого, 1<br>
<u>Телефони:</u> (032)224-24-98<br>
<a href=""http://lnau.lviv.ua/lnau/"" target=""_blank"">Офіційна веб-сторінка</a><br>
<u>E-mail:</u> lnau@mail.lviv.ua<br>",,,1,1,1,,,3,8
20,Національний авіаційний університет,"м. Київ, проспект Космонавта Комарова, 1",50.437664,30.433548,"<div align=""center""><b>Національний авіаційний університет</b></div>
<div align=""left"">ОКР ""Бакалавр"", ""Магістр"" (навчання за напрямками: <font color=""#008000"">Землеустрій та кадастр</font>, <font color=""#00BFFF"">Геоінформаційні системи і технології</font>)</div>
<div align=""center""><i>Контактні дані</i></div>
<u>Поштовий індекс:</u> 03680<br>
<u>Адреса:</u> м. Київ, проспект Космонавта Комарова, 1<br>
<u>Телефони:</u> +38(044)497-41-05, 406-70-38<br>
<a href=""http://www.nau.edu.ua/"" target=""_blank"">Офіційна веб-сторінка</a><br>
<u>E-mail:</u> post@nau.edu.ua<br>",,,1,,1,,,2,9
21,"Національний аерокосмічний університет ім. М.Є. Жуковського ""Харківський авіаційний інститут""","Харківська область, м. Харків, вул. Чкалова, 17",50.042815,36.285447,"<div align=""center""><b>Національний аерокосмічний університет ім. М.Є. Жуковського ""Харківський авіаційний інститут""</b></div>
<div align=""left"">ОКР ""Бакалавр"", ""Магістр"" (навчання за напрямками: <font color=""#00BFFF"">Геоінформаційні системи і технології</font>, <font color=""#800080"">Космічний моніторинг Землі</font>)</div>
<div align=""center""><i>Контактні дані</i></div>
<u>Поштовий індекс:</u> 61070<br>
<u>Адреса:</u> Харківська область, м. Харків, вул. Чкалова, 17<br>
<u>Телефони:</u> (057)315-10-56<br>
<a href=""http://khai.edu/"" target=""_blank"">Офіційна веб-сторінка</a><br>
<u>E-mail:</u> khai@khai.edu<br>",,,,,1,,1,2,10
22,Національний транспортний університет,"м. Київ, вул. Суворова, 1",50.440002,30.549955,"<div align=""center""><b>Національний транспортний університет</b></div>
<div align=""left"">ОКР ""Бакалавр"", ""Магістр"" (навчання за напрямком: <font color=""#FF8C00"">Геодезія</font>)</div>
<div align=""center""><i>Контактні дані</i></div>
<u>Поштовий індекс:</u> 01010<br>
<u>Адреса:</u> м. Київ, вул. Суворова, 1<br>
<u>Телефони:</u> +38(044)280-82-03<br>
<a href=""http://www.ntu.kar.net/"" target=""_blank"">Офіційна веб-сторінка</a><br>
<u>E-mail:</u> general@ntu.edu.ua<br>",1,,,,,,,1,1
23,"Національний університет біоресурсів і природокористування України (базовий заклад, м. Київ)","м. Київ, вул. Героїв оборони, 1",50.383972,30.496681,"<div align=""center""><b>Національний університет біоресурсів і природокористування України (базовий заклад, м. Київ)</b></div>
<div align=""left"">ОКР ""Бакалавр"", ""Магістр"" (навчання за напрямком: <font color=""#008000"">Землеустрій та кадастр</font>)</div>
<div align=""center""><i>Контактні дані</i></div>
<u>Поштовий індекс:</u> 03041<br>
<u>Адреса:</u> м. Київ, вул. Героїв оборони, 15<br>
<u>Телефони:</u> +38(044)527-82-42<br>
<a href=""http://www.nubip.edu.ua/"" target=""_blank"">Офіційна веб-сторінка</a><br>
<u>E-mail:</u> rectorat@nauu.kiev.ua<br>",,,1,,,,,1,3
24,Національний університет водного господарства та природокористування,"Рівненська область, м. Рівне, вул. Соборна, 11",50.617923,26.258632,"<div align=""center""><b>Національний університет водного господарства та природокористування</b></div>
<div align=""left"">ОКР ""Бакалавр"", ""Магістр"" (навчання за напрямками: <font color=""#008000"">Землеустрій та кадастр</font>, <font color=""#00BFFF"">Геоінформаційні системи і технології</font>)</div>
<div align=""center""><i>Контактні дані</i></div>
<u>Поштовий індекс:</u> 33000<br>
<u>Адреса:</u> Рівненська область, м. Рівне, вул. Соборна, 11<br>
<u>Телефони:</u> (0362)22-12-59, 22-21-97<br>
<a href=""http://www.nuwm.rv.ua/"" target=""_blank"">Офіційна веб-сторінка</a><br>
<u>E-mail:</u> rc@nuwm.rv.ua mail@nuwm.rv.ua<br>",,,1,,1,,,2,9
25,"Національний університет ""Львівська політехніка""","Львівська область, м. Львів, вул. Степана Бандери, 12",49.835278,24.014477,"<div align=""center""><b>Національний університет ""Львівська політехніка""</b></div>
<div align=""left"">ОКР ""Бакалавр"", ""Магістр"" (навчання за напрямками: <font color=""#FF8C00"">Геодезія</font>, <font color=""#FFD700"">Картографія</font>, <font color=""#008000"">Землеустрій та кадастр</font>, <font color=""#CD853F"">Оцінка землі та нерухомого майна</font>, <font color=""#00BFFF"">Геоінформаційні системи і технології</font>, <font color=""#FF0000"">Фотограмметрія та дистанційне зондування</font>, <font color=""#800080"">Космічний моніторинг Землі</font>)</div>
<div align=""center""><i>Контактні дані</i></div>
<u>Поштовий індекс:</u> 79013<br>
<u>Адреса:</u> Львівська область, м. Львів, вул. Степана Бандери, 12<br>
<u>Телефони:</u> +38(032)258-27-58<br>
<a href=""http://www.lp.edu.ua/"" target=""_blank"">Офіційна веб-сторінка</a><br>
<u>E-mail:</u> coffice@polynet.lviv.ua<br>",1,1,1,1,1,1,1,7,11
26,Одеський державний аграрний університет,"Одеська область, м. Одеса, вул. Пантелеймонівська, 13",46.469015,30.744595,"<div align=""center""><b>Одеський державний аграрний університет</b></div>
<div align=""left"">ОКР ""Бакалавр"", ""Магістр"" (навчання за напрямком: <font color=""#008000"">Землеустрій та кадастр</font>)</div>
<div align=""center""><i>Контактні дані</i></div>
<u>Поштовий індекс:</u>  65012<br>
<u>Адреса:</u> Одеська область, м. Одеса, вул. Пантелеймонівська, 13<br>
<u>Телефони:</u> (048)784-57-32<br>
<a href=""http://www.osau.edu.ua/"" target=""_blank"">Офіційна веб-сторінка</a><br>
<u>E-mail:</u> ogsi@te.net.ua<br>",,,1,,,,,1,3
27,Одеська державна академія будівництва та архітектури,"Одеська область, м. Одеса, вул. Дідріхсона, 4",46.484171,30.716164,"<div align=""center""><b>Одеська державна академія будівництва та архітектури</b></div>
<div align=""left"">ОКР ""Бакалавр""</div>
<div align=""center""><i>Контактні дані</i></div>
<u>Поштовий індекс:</u> 65029<br>
<u>Адреса:</u> Одеська область, м. Одеса, вул. Дідріхсона, 4<br>
<u>Телефони:</u> (048)723-43-53<br>
<a href=""http://www.ogasa.org.ua/"" target=""_blank"">Офіційна веб-сторінка</a><br>
<u>E-mail:</u> list@ogasa.org.ua<br>",,,,,,,,0,0
28,Подільський державний аграрно-технічний університет,"Хмельницька область, м. Кам`янець-Подільський, вул. Шевченка, 13",48.685618,26.580058,"<div align=""center""><b>Подільський державний аграрно-технічний університет</b></div>
<div align=""left"">ОКР ""Бакалавр""</div>
<div align=""center""><i>Контактні дані</i></div>
<u>Поштовий індекс:</u> 32300<br>
<u>Адреса:</u> Одеська область, м. Одеса, вул. Дідріхсона, 4<br>
<u>Телефони:</u> (03849)2-52-18<br>
<a href=""http://www.pdatu.edu.ua/"" target=""_blank"">Офіційна веб-сторінка</a><br>
<u>E-mail:</u> main@pdatu.edu.ua<br>",,,,,,,,0,0
29,Полтавський національний технічний університет імені Юрія Кондратюка,"Полтавська область, м. Полтава, проспект Першотравневий, 24",49.57617,34.567012,"<div align=""center""><b>Полтавський національний технічний університет імені Юрія Кондратюка</b></div>
<div align=""left"">ОКР ""Бакалавр""</div>
<div align=""center""><i>Контактні дані</i></div>
<u>Поштовий індекс:</u> 36011<br>
<u>Адреса:</u> Полтавська область, м. Полтава, проспект Першотравневий, 24<br>
<u>Телефони:</u> +38(05322)7-38-67<br>
<a href=""http://www.pntu.edu.ua/"" target=""_blank"">Офіційна веб-сторінка</a><br>
<u>E-mail:</u> vstup@pntu.edu.ua<br>",,,,,,,,0,0
30,"Приватний вищий навчальний заклад ""Міжнародний класичний університет ""Україна-Південь""","Миколаївська область, м. Миколаїв, вул. Котельна, 2",46.971594,32.017449,"<div align=""center""><b>Приватний вищий навчальний заклад ""Міжнародний класичний університет ""Україна-Південь""</b></div>
<div align=""left"">ОКР ""Бакалавр""</div>
<div align=""center""><i>Контактні дані</i></div>
<u>Поштовий індекс:</u> 54003<br>
<u>Адреса:</u> Миколаївська область, м. Миколаїв, вул. Котельна, 2<br>
<u>Телефони:</u> 0512550736<br>
<a href=""http://www.ukrpivden.com.ua/"" target=""_blank"">Офіційна веб-сторінка</a><br>
<u>E-mail:</u> ua-pivden@meta.ua<br>",,,,,,,,0,0
31,"Приватний вищий навчальний заклад ""Університет новітніх технологій""","м. Київ, пров. Машинобудівний, 28",50.448809,30.434569,"<div align=""center""><b>Приватний вищий навчальний заклад ""Університет новітніх технологій""</b></div>
<div align=""left"">ОКР ""Бакалавр"", ""Магістр"" (навчання за напрямками: <font color=""#FF8C00"">Геодезія</font>, <font color=""#008000"">Землеустрій та кадастр</font>, <font color=""#00BFFF"">Геоінформаційні системи і технології</font>, <font color=""#FF0000"">Фотограмметрія та дистанційне зондування</font>)</div>
<div align=""center""><i>Контактні дані</i></div>
<u>Поштовий індекс:</u> 03067<br>
<u>Адреса:</u> м. Київ, пров. Машинобудівний, 28<br>
<u>Телефони:</u> 5030786<br>
<a href=""http://www.unt.kiev.ua/"" target=""_blank"">Офіційна веб-сторінка</a><br>
<u>E-mail:</u> vstup@unt.kiev.ua<br>",1,,1,,1,1,,4,12
32,Сумський національний аграрний університет,"Сумська область, м. Суми, вул. Кірова, 160",50.88539,34.773926,"<div align=""center""><b>Сумський національний аграрний університет</b></div>
<div align=""left"">ОКР ""Бакалавр""</div>
<div align=""center""><i>Контактні дані</i></div>
<u>Поштовий індекс:</u> 40021<br>
<u>Адреса:</u> Сумська область, м. Суми, вул. Кірова, 160<br>
<u>Телефони:</u> +38(0542)78-74-76, 78-74-21, 78-74-22<br>
<a href=""http://www.sau.sumy.ua/"" target=""_blank"">Офіційна веб-сторінка</a><br>
<u>E-mail:</u> admin@sau.sumy.ua<br>",,,,,,,,0,0
33,Східноєвропейський національний університет імені Лесі Українки,"Волиснька область, м. Луцьк, проспект Волі, 13",50.746972,25.331034,"<div align=""center""><b>Східноєвропейський національний університет імені Лесі Українки</b></div>
<div align=""left"">ОКР ""Бакалавр"", ""Магістр"" (навчання за напрямком <font color=""#008000"">Землеустрій та кадастр</font>)</div>
<div align=""center""><i>Контактні дані</i></div>
<u>Поштовий індекс:</u> 43025<br>
<u>Адреса:</u>  Волиснька область, м. Луцьк, проспект Волі, 13<br>
<u>Телефони:</u> 0(332)24-00-18<br>
<a href=""http://www.vnu.edu.ua/"" target=""_blank"">Офіційна веб-сторінка</a><br>
<u>E-mail:</u> post@univer.lutsk.ua<br>",,,1,,,,,1,3
34,Уманський національний університет садівництва,"Черкаська область, м. Умань, вул. Інститутська, 1",48.766687,30.235001,"<div align=""center""><b>Уманський національний університет садівництва</b></div>
<div align=""left"">ОКР ""Бакалавр""</div>
<div align=""center""><i>Контактні дані</i></div>
<u>Поштовий індекс:</u> 20305<br>
<u>Адреса:</u> Черкаська область, м. Умань, вул. Інститутська, 1<br>
<u>Телефони:</u> 04744-46999<br>
<a href=""http://www.udau.edu.ua/"" target=""_blank"">Офіційна веб-сторінка</a><br>
<u>E-mail:</u> secretary@udau.edu.ua<br>",,,,,,,,0,0
35,Харківський національний автомобільно-дорожній університет,"Харківська область, м. Харків, вул. Петровського, 25",50.006004,36.243425,"<div align=""center""><b>Харківський національний автомобільно-дорожній університет</b></div>
<div align=""left"">ОКР ""Бакалавр""</div>
<div align=""center""><i>Контактні дані</i></div>
<u>Поштовий індекс:</u> 61002<br>
<u>Адреса:</u> Харківська область, м. Харків, вул. Петровського, 25<br>
<u>Телефони:</u> (057)707-37-82, 707-36-83, 700-38-64<br>
<a href=""http://www.khadi.kharkov.ua/"" target=""_blank"">Офіційна веб-сторінка</a><br>
<u>E-mail:</u> admin@khadi.kharkov.ua<br>",,,,,,,,0,0
36,Харківський національний аграрний університет ім. В.В. Докучаєва,"Харківська область, смт. Рогань, Комуніст, вул. п/в ""Комуніст-1""",49.894234,36.448175,"<div align=""center""><b>Харківський національний аграрний університет ім. В.В. Докучаєва</b></div>
<div align=""left"">ОКР ""Бакалавр"", ""Магістр"" (навчання за напрямком:  <font color=""#008000"">Землеустрій та кадастр</font>)</div>
<div align=""center""><i>Контактні дані</i></div>
<u>Поштовий індекс:</u> 62483<br>
<u>Адреса:</u> Харківська область, смт. Рогань, Комуніст, вул. п/в ""Комуніст-1""<br>
<u>Телефони:</u> +38-0-57-709-03-00, +38-0-572-99-74-01<br>
<a href=""http://www.knau.kharkov.ua/"" target=""_blank"">Офіційна веб-сторінка</a><br>
<u>E-mail:</u> office@knau.kharkov.ua<br>",,,1,,,,,1,3
37,Харківський національний університет міського господарства імені О.М. Бекетова,"Харківська область, м. Харків, вул. Революції, 12",49.995795,36.243162,"<div align=""center""><b>Харківський національний університет міського господарства імені О.М. Бекетова</b></div>
<div align=""left"">ОКР ""Бакалавр"", ""Магістр"" (навчання за напрямками: <font color=""#CD853F"">Оцінка землі та нерухомого майна</font>, <font color=""#00BFFF"">Геоінформаційні системи і технології</font>)</div>
<div align=""center""><i>Контактні дані</i></div>
<u>Поштовий індекс:</u> 61002<br>
<u>Адреса:</u> Харківська область, м. Харків, вул. Революції, 12<br>
<u>Телефони:</u> (057)7061537<br>
<a href=""http://www.kname.edu.ua/"" target=""_blank"">Офіційна веб-сторінка</a><br>
<u>E-mail:</u> rectorat@ksame.kharkov.ua<br>",,,,1,1,,,2,13
38,Чернігівський державний інститут економіки і управління,"Чернігівська область, м. Чернігів, вул. Стрілецька, 1",51.522309,31.287499,"<div align=""center""><b>Чернігівський державний інститут економіки і управління</b></div>
<div align=""left"">ОКР ""Бакалавр""</div>
<div align=""center""><i>Контактні дані</i></div>
<u>Поштовий індекс:</u> 14033<br>
<u>Адреса:</u> Чернігівська область, м. Чернігів, вул. Стрілецька, 1<br>
<u>Телефони:</u> 679308<br>
<a href=""http://www.geci.cn.ua/"" target=""_blank"">Офіційна веб-сторінка</a><br>
<u>E-mail:</u> ector@geci.cn.ua<br>",,,,,,,,0,0
39,Чернівецький національний університет імені Юрія Федьковича,"Чернівецька область, м. Чернівці, вул. Коцюбинського, 2",48.296911,25.925371,"<div align=""center""><b>Чернівецький національний університет імені Юрія Федьковича</b></div>
<div align=""left"">ОКР ""Бакалавр"", ""Магістр"" (навчання за напрямками: <font color=""#FF8C00"">Геодезія</font>, <font color=""#008000"">Землеустрій та кадастр</font>)</div>
<div align=""center""><i>Контактні дані</i></div>
<u>Поштовий індекс:</u> 58012<br>
<u>Адреса:</u> Чернівецька область, м. Чернівці, вул. Коцюбинського, 2<br>
<u>Телефони:</u> +38(0372)52-70-29<br>
<a href=""http://www.chnu.edu.ua/"" target=""_blank"">Офіційна веб-сторінка</a><br>
<u>E-mail:</u> office@chnu.edu.ua<br>",1,,1,,,,,2,14
40,Чорноморський державний університет імені Петра Могили,"Миколаївська область, м. Миколаїв, вул. 68 Десантників, 10",46.971742,32.015145,"<div align=""center""><b>Чорноморський державний університет імені Петра Могили</b></div>
<div align=""left"">ОКР ""Бакалавр""</div>
<div align=""center""><i>Контактні дані</i></div>
<u>Поштовий індекс:</u> 54003<br>
<u>Адреса:</u> Миколаївська область, м. Миколаїв, вул. 68 Десантників, 10<br>
<u>Телефони:</u> (0512)500333<br>
<a href=""http://www.chdu.edu.ua/"" target=""_blank"">Офіційна веб-сторінка</a><br>
<u>E-mail:</u> rector@chdu.edu.ua<br>",,,,,,,,0,0